epoch,time,train/box_loss,train/cls_loss,train/dfl_loss,metrics/precision(B),metrics/recall(B),metrics/mAP50(B),metrics/mAP50-95(B),val/box_loss,val/cls_loss,val/dfl_loss,lr/pg0,lr/pg1,lr/pg2,lr/pg3,lr/pg4,lr/pg5,lr/pg6,lr/pg7
1,150.045,4.17571,3.94241,2.87335,0.02388,0.07055,0.02221,0.00672,3.25509,2.56019,1.80277,0.000237706,0.000237706,0.000237706,,,,,
2,281.378,3.05772,2.59036,1.60201,0.25592,0.12075,0.05342,0.02038,2.69324,2.14874,1.35405,0.000466287,0.000466287,0.000466287,,,,,
3,416.514,2.66793,2.2713,1.32409,0.17184,0.11789,0.06915,0.02859,2.48527,2.04099,1.19915,0.000685443,0.000685443,0.000685443,,,,,
4,548.312,2.46225,2.09275,1.21907,0.22298,0.12575,0.09052,0.03976,2.26792,1.82583,1.16569,0.000671588,0.000671588,0.000671588,,,,,
5,674.735,2.3471,1.97303,1.16022,0.2457,0.13599,0.10123,0.04805,2.14466,1.73337,1.10723,0.000657451,0.000657451,0.000657451,,,,,
6,881.767,2.2956,1.90949,1.12815,0.16528,0.16095,0.11692,0.05534,2.09941,1.65426,1.08325,0.000643314,0.000643314,0.000643314,,,,,
7,1009.62,2.22155,1.84083,1.1046,0.23114,0.167,0.12275,0.05974,2.06643,1.66304,1.0658,0.000629177,0.000629177,0.000629177,,,,,
8,1139.56,2.18253,1.79466,1.08991,0.19182,0.16402,0.12915,0.06279,2.02553,1.58006,1.05207,0.00061504,0.00061504,0.00061504,,,,,
9,1271.88,2.12983,1.73979,1.07468,0.20074,0.17637,0.1352,0.06658,2.00837,1.56489,1.03163,0.000600902,0.000600902,0.000600902,,,,,
10,1404.06,2.08983,1.70193,1.06108,0.21301,0.18473,0.14365,0.07129,1.95973,1.52507,1.03125,0.000586765,0.000586765,0.000586765,,,,,
11,1707.16,2.07346,1.67363,1.04901,0.21623,0.18291,0.14441,0.07251,1.94404,1.53463,1.02145,0.000572628,0.000572628,0.000572628,,,,,
12,1839.61,2.05517,1.65148,1.04425,0.22566,0.19149,0.15191,0.07685,1.92555,1.4873,1.01619,0.000558491,0.000558491,0.000558491,,,,,
13,1973.0,2.03476,1.63153,1.03793,0.24569,0.19629,0.15689,0.07931,1.89542,1.47185,1.01208,0.000544354,0.000544354,0.000544354,,,,,
14,2152.2,2.00056,1.60346,1.03182,0.23635,0.20052,0.16383,0.08325,1.87931,1.43943,1.00175,0.000530216,0.000530216,0.000530216,,,,,
15,2298.57,1.9994,1.5876,1.024,0.25501,0.20336,0.1694,0.0877,1.84289,1.40611,0.9942,0.000516079,0.000516079,0.000516079,,,,,
16,2435.03,1.97105,1.56344,1.02151,0.27273,0.20333,0.17273,0.08783,1.84063,1.40848,0.99634,0.000501942,0.000501942,0.000501942,,,,,
17,2579.6,1.96279,1.55596,1.01689,0.26002,0.20183,0.17218,0.08831,1.85172,1.40429,0.9927,0.000487805,0.000487805,0.000487805,,,,,
18,133.305,1.95191,1.53591,1.01292,0.26145,0.21793,0.18546,0.09518,1.81648,1.37579,0.98851,0.000473668,0.000473668,0.000473668,,,,,
19,257.043,1.92297,1.51105,1.0091,0.26255,0.20326,0.17832,0.09071,1.82427,1.38555,0.98803,0.00045953,0.00045953,0.00045953,,,,,
20,385.169,1.91703,1.49962,1.00741,0.28896,0.21772,0.19027,0.09731,1.79174,1.36054,0.98273,0.000445393,0.000445393,0.000445393,,,,,
21,510.312,1.9021,1.49224,1.00311,0.27451,0.20861,0.18899,0.098,1.78652,1.35317,0.98323,0.000431256,0.000431256,0.000431256,,,,,
22,633.911,1.89558,1.4797,0.99998,0.28337,0.21913,0.19025,0.09943,1.78242,1.34256,0.97667,0.000417119,0.000417119,0.000417119,,,,,
23,928.277,1.90706,1.47843,0.99885,0.29878,0.22341,0.19739,0.10199,1.7644,1.32889,0.97496,0.000402982,0.000402982,0.000402982,,,,,
24,1053.03,1.88524,1.46637,0.99594,0.28072,0.22328,0.19644,0.1023,1.76356,1.32551,0.97528,0.000388844,0.000388844,0.000388844,,,,,
25,1178.43,1.87748,1.45568,0.99489,0.2975,0.22537,0.19879,0.10389,1.75498,1.31767,0.97023,0.000374707,0.000374707,0.000374707,,,,,
26,1303.1,1.86194,1.43974,0.99299,0.30198,0.23018,0.20185,0.10472,1.74912,1.3142,0.96802,0.00036057,0.00036057,0.00036057,,,,,
27,1426.2,1.8467,1.42709,0.98816,0.30154,0.22842,0.2054,0.10746,1.73444,1.30281,0.96806,0.000346433,0.000346433,0.000346433,,,,,
28,1613.43,1.84811,1.41716,0.98428,0.29811,0.23168,0.20557,0.10801,1.74276,1.30909,0.96659,0.000332296,0.000332296,0.000332296,,,,,
29,1737.14,1.85019,1.41938,0.98595,0.30539,0.23739,0.20993,0.10865,1.73484,1.29862,0.96601,0.000318158,0.000318158,0.000318158,,,,,
30,1859.62,1.84047,1.40989,0.98325,0.31408,0.23232,0.20872,0.10849,1.72404,1.29367,0.96726,0.000304021,0.000304021,0.000304021,,,,,
31,1982.78,1.8202,1.3975,0.98105,0.32619,0.23539,0.21273,0.11181,1.72,1.28355,0.96391,0.000289884,0.000289884,0.000289884,,,,,
32,2107.21,1.83231,1.39583,0.97777,0.31914,0.23589,0.2139,0.11235,1.71265,1.27803,0.96002,0.000275747,0.000275747,0.000275747,,,,,
33,2229.96,1.81143,1.38126,0.97811,0.3262,0.23751,0.21511,0.11266,1.70878,1.27522,0.96278,0.00026161,0.00026161,0.00026161,,,,,
34,2352.66,1.81556,1.38559,0.9769,0.30864,0.24383,0.2131,0.11258,1.71346,1.27028,0.96164,0.000247472,0.000247472,0.000247472,,,,,
35,2476.06,1.81009,1.37418,0.97621,0.31781,0.2386,0.21685,0.11427,1.70372,1.2679,0.96117,0.000233335,0.000233335,0.000233335,,,,,
36,2599.08,1.80447,1.37414,0.97703,0.33096,0.23865,0.21929,0.11478,1.70054,1.26395,0.95882,0.000219198,0.000219198,0.000219198,,,,,
37,2722.97,1.79821,1.36826,0.9735,0.31982,0.24568,0.21946,0.1159,1.69458,1.26404,0.95954,0.000205061,0.000205061,0.000205061,,,,,
38,2846.7,1.8088,1.36798,0.97443,0.34152,0.2396,0.22171,0.11743,1.6971,1.264,0.95796,0.000190924,0.000190924,0.000190924,,,,,
39,2975.42,1.79828,1.3515,0.9725,0.32743,0.24526,0.22309,0.11796,1.69525,1.25664,0.95752,0.000176786,0.000176786,0.000176786,,,,,
40,3101.5,1.78307,1.34872,0.97255,0.32886,0.24748,0.22224,0.11794,1.69141,1.25697,0.95459,0.000162649,0.000162649,0.000162649,,,,,
41,3253.11,1.73546,1.32383,0.97226,0.34575,0.24462,0.22342,0.11837,1.69484,1.25761,0.95755,0.000148512,0.000148512,0.000148512,,,,,
42,3369.64,1.72232,1.30466,0.96908,0.34618,0.24135,0.22369,0.11885,1.69396,1.25404,0.95622,0.000134375,0.000134375,0.000134375,,,,,
43,3486.06,1.71684,1.29741,0.96962,0.33431,0.2489,0.2258,0.12042,1.68776,1.25248,0.95638,0.000120238,0.000120238,0.000120238,,,,,
44,3603.36,1.71376,1.29081,0.96669,0.33543,0.2497,0.22503,0.11869,1.68303,1.24806,0.95417,0.0001061,0.0001061,0.0001061,,,,,
45,3719.42,1.70112,1.28404,0.96548,0.3314,0.24997,0.22713,0.12065,1.68446,1.24585,0.95578,9.19632e-05,9.19632e-05,9.19632e-05,,,,,
46,3835.68,1.69987,1.2789,0.96645,0.33904,0.24639,0.2281,0.12148,1.67937,1.24303,0.95365,7.7826e-05,7.7826e-05,7.7826e-05,,,,,
47,3952.79,1.69757,1.27682,0.9654,0.33638,0.24778,0.22737,0.12096,1.67921,1.24172,0.95468,6.36888e-05,6.36888e-05,6.36888e-05,,,,,
48,4069.89,1.69219,1.26543,0.96314,0.34236,0.24594,0.22786,0.12176,1.67726,1.24183,0.95181,4.95516e-05,4.95516e-05,4.95516e-05,,,,,
49,4186.1,1.69129,1.26594,0.96318,0.337,0.24779,0.22984,0.12264,1.67674,1.23995,0.953,3.54144e-05,3.54144e-05,3.54144e-05,,,,,
50,4302.14,1.68981,1.26339,0.96284,0.33845,0.24588,0.22925,0.12288,1.67574,1.24009,0.95273,2.12772e-05,2.12772e-05,2.12772e-05,,,,,
51,148.822,1.7863,1.34306,0.96923,0.32733,0.24488,0.22073,0.11788,1.71167,1.26516,0.96405,0.000237706,0.000237706,0.000237706,,,,,
52,287.363,1.78668,1.35646,0.97166,0.31352,0.22858,0.20947,0.10763,1.74563,1.30165,0.96887,0.000466287,0.000466287,0.000466287,,,,,
53,421.33,1.80285,1.36899,0.97547,0.30805,0.24628,0.21457,0.11212,1.72171,1.29684,0.96731,0.000685443,0.000685443,0.000685443,,,,,
54,551.37,1.79777,1.3738,0.97421,0.32344,0.23997,0.22154,0.11659,1.71712,1.28028,0.96079,0.000671588,0.000671588,0.000671588,,,,,
55,681.209,1.79224,1.36365,0.97152,0.32989,0.24497,0.22048,0.11645,1.70079,1.26817,0.95683,0.000657451,0.000657451,0.000657451,,,,,
56,934.228,1.80686,1.36842,0.97126,0.31387,0.24255,0.21771,0.11303,1.71322,1.28279,0.96177,0.000643314,0.000643314,0.000643314,,,,,
57,1059.76,1.79226,1.36253,0.97085,0.31594,0.24643,0.22248,0.11655,1.70489,1.26779,0.95806,0.000629177,0.000629177,0.000629177,,,,,
58,1186.7,1.78918,1.3586,0.97068,0.35211,0.24203,0.22161,0.11785,1.69945,1.26588,0.95739,0.00061504,0.00061504,0.00061504,,,,,
59,1313.29,1.7724,1.34485,0.96814,0.35672,0.24839,0.22997,0.12113,1.68026,1.26224,0.95075,0.000600902,0.000600902,0.000600902,,,,,
60,1439.85,1.76489,1.33512,0.96601,0.33151,0.25121,0.23017,0.12251,1.68739,1.25186,0.95624,0.000586765,0.000586765,0.000586765,,,,,
61,1742.73,1.76861,1.32702,0.96249,0.36145,0.24846,0.22966,0.12208,1.67069,1.25212,0.95006,0.000572628,0.000572628,0.000572628,,,,,
62,1867.53,1.77182,1.33455,0.96496,0.35163,0.24961,0.23411,0.12493,1.6744,1.23801,0.95153,0.000558491,0.000558491,0.000558491,,,,,
63,1993.45,1.76334,1.32656,0.96303,0.34443,0.25326,0.2356,0.12735,1.66213,1.24227,0.95031,0.000544354,0.000544354,0.000544354,,,,,
64,2120.66,1.74319,1.31247,0.96086,0.35577,0.25614,0.23487,0.12746,1.66214,1.23364,0.94742,0.000530216,0.000530216,0.000530216,,,,,
65,2249.14,1.76002,1.31505,0.95809,0.34324,0.25644,0.23796,0.12739,1.65761,1.23055,0.94654,0.000516079,0.000516079,0.000516079,,,,,
66,2376.49,1.74574,1.30853,0.9588,0.34858,0.25471,0.23783,0.12654,1.66597,1.23303,0.94535,0.000501942,0.000501942,0.000501942,,,,,
67,2503.89,1.74726,1.31141,0.95701,0.33822,0.25458,0.23897,0.12857,1.65457,1.23426,0.94725,0.000487805,0.000487805,0.000487805,,,,,
68,2631.59,1.73939,1.29713,0.95569,0.3547,0.26052,0.24341,0.13114,1.6471,1.21685,0.94341,0.000473668,0.000473668,0.000473668,,,,,
69,2759.53,1.73399,1.30178,0.95677,0.34137,0.25773,0.23947,0.12825,1.64748,1.22481,0.94283,0.00045953,0.00045953,0.00045953,,,,,
70,2886.01,1.72749,1.29335,0.95365,0.34417,0.26114,0.24579,0.13116,1.64696,1.21706,0.94364,0.000445393,0.000445393,0.000445393,,,,,
71,3015.57,1.7418,1.298,0.9547,0.3579,0.25854,0.24648,0.13186,1.64549,1.21824,0.94195,0.000431256,0.000431256,0.000431256,,,,,
72,3143.75,1.72919,1.28164,0.95276,0.35142,0.26476,0.24592,0.13445,1.63379,1.20686,0.94352,0.000417119,0.000417119,0.000417119,,,,,
73,3272.18,1.71974,1.2802,0.9542,0.36037,0.25686,0.24833,0.13412,1.6275,1.2082,0.94054,0.000402982,0.000402982,0.000402982,,,,,
74,3403.4,1.72553,1.28319,0.95205,0.35535,0.26972,0.25225,0.13728,1.62602,1.20308,0.93917,0.000388844,0.000388844,0.000388844,,,,,
75,3531.32,1.70814,1.26784,0.95142,0.35124,0.26742,0.24712,0.13395,1.63369,1.20482,0.93911,0.000374707,0.000374707,0.000374707,,,,,
76,3666.21,1.71687,1.27532,0.95045,0.35133,0.26625,0.25019,0.13602,1.62592,1.20038,0.94037,0.00036057,0.00036057,0.00036057,,,,,
77,3796.01,1.72084,1.27235,0.94775,0.37102,0.26691,0.25529,0.13824,1.62663,1.19538,0.93827,0.000346433,0.000346433,0.000346433,,,,,
78,3924.43,1.70847,1.26307,0.94625,0.3662,0.26817,0.25169,0.13607,1.62219,1.19644,0.93827,0.000332296,0.000332296,0.000332296,,,,,
79,4052.79,1.69586,1.25187,0.94526,0.35514,0.27428,0.25536,0.13896,1.62592,1.19185,0.9377,0.000318158,0.000318158,0.000318158,,,,,
80,4182.18,1.71055,1.26079,0.94606,0.36784,0.26999,0.25887,0.13965,1.61599,1.19066,0.9386,0.000304021,0.000304021,0.000304021,,,,,
81,4327.64,1.70021,1.25757,0.94643,0.36364,0.27196,0.25338,0.13817,1.61684,1.1893,0.93593,0.000289884,0.000289884,0.000289884,,,,,
82,4459.67,1.7089,1.25442,0.94452,0.35912,0.27102,0.25559,0.13868,1.61339,1.18708,0.93633,0.000275747,0.000275747,0.000275747,,,,,
83,4588.01,1.69906,1.24516,0.94509,0.37441,0.27146,0.25847,0.13997,1.60886,1.18224,0.93332,0.00026161,0.00026161,0.00026161,,,,,
84,4722.48,1.70699,1.24738,0.94272,0.37154,0.27039,0.25734,0.14095,1.60713,1.18139,0.93424,0.000247472,0.000247472,0.000247472,,,,,
85,4850.81,1.69584,1.24335,0.94284,0.37801,0.27392,0.26079,0.14276,1.60811,1.17771,0.93314,0.000233335,0.000233335,0.000233335,,,,,
86,4978.31,1.6849,1.23863,0.94324,0.37586,0.27303,0.26126,0.14206,1.61089,1.17758,0.93272,0.000219198,0.000219198,0.000219198,,,,,
87,5107.43,1.67952,1.23459,0.94271,0.37541,0.27189,0.26046,0.14298,1.60063,1.17576,0.9322,0.000205061,0.000205061,0.000205061,,,,,
88,5237.44,1.67938,1.2293,0.94179,0.38151,0.26996,0.26151,0.14267,1.60404,1.17222,0.9309,0.000190924,0.000190924,0.000190924,,,,,
89,5365.38,1.68049,1.22753,0.93986,0.37971,0.27497,0.26101,0.14302,1.6021,1.17256,0.93193,0.000176786,0.000176786,0.000176786,,,,,
90,5494.71,1.67438,1.22694,0.94077,0.37677,0.2744,0.26168,0.14422,1.59092,1.17021,0.92969,0.000162649,0.000162649,0.000162649,,,,,
91,5650.56,1.61566,1.18393,0.94066,0.38347,0.2688,0.2588,0.14209,1.6017,1.17576,0.93303,0.000148512,0.000148512,0.000148512,,,,,
92,6046.41,1.6023,1.17154,0.93784,0.37764,0.27152,0.2627,0.14398,1.60507,1.17515,0.9318,0.000134375,0.000134375,0.000134375,,,,,
93,6164.18,1.60422,1.17113,0.93927,0.37419,0.27634,0.26364,0.14453,1.59987,1.16903,0.93082,0.000120238,0.000120238,0.000120238,,,,,
94,6284.85,1.60285,1.17189,0.93946,0.37057,0.27722,0.26284,0.1447,1.59604,1.16695,0.93112,0.0001061,0.0001061,0.0001061,,,,,
95,6406.69,1.5998,1.16251,0.93883,0.38001,0.2754,0.26333,0.14476,1.59287,1.1659,0.92918,9.19632e-05,9.19632e-05,9.19632e-05,,,,,
96,6530.05,1.59405,1.15537,0.93692,0.37053,0.27627,0.26384,0.14428,1.59606,1.16208,0.93005,7.7826e-05,7.7826e-05,7.7826e-05,,,,,
97,6650.86,1.60005,1.15915,0.93437,0.38242,0.27892,0.26441,0.14459,1.59304,1.16435,0.93085,6.36888e-05,6.36888e-05,6.36888e-05,,,,,
98,6772.57,1.58981,1.14955,0.93454,0.3777,0.27805,0.26547,0.14602,1.59285,1.16125,0.92946,4.95516e-05,4.95516e-05,4.95516e-05,,,,,
99,6894.24,1.5969,1.15214,0.9344,0.37346,0.28029,0.26508,0.14572,1.59312,1.16236,0.92977,3.54144e-05,3.54144e-05,3.54144e-05,,,,,
100,7016.44,1.58703,1.14544,0.93453,0.37951,0.27867,0.26569,0.14601,1.59094,1.161,0.92922,2.12772e-05,2.12772e-05,2.12772e-05,,,,,
101,194.963,1.68924,1.23554,0.94228,0.36365,0.27365,0.25778,0.13862,1.64459,1.1962,0.93891,0.00998764,0.00332921,0.00998764,0.00332921,0.00998764,0.00332921,0.00998764,0.00332921
102,348.207,1.71519,1.2588,0.94831,0.36309,0.25895,0.24118,0.13102,1.63804,1.21847,0.93632,0.0197898,0.00659659,0.0197898,0.00659659,0.0197898,0.00659659,0.0197898,0.00659659
103,571.945,1.77023,1.29527,0.95771,0.34166,0.25609,0.23834,0.1277,1.68816,1.2512,0.94944,0.0293939,0.00979796,0.0293939,0.00979796,0.0293939,0.00979796,0.0293939,0.00979796
104,712.921,1.78678,1.3206,0.96345,0.33654,0.25732,0.23722,0.12672,1.67873,1.25355,0.94871,0.029109,0.009703,0.029109,0.009703,0.029109,0.009703,0.029109,0.009703
105,854.491,1.77403,1.31501,0.95902,0.33143,0.2558,0.23537,0.12577,1.68849,1.24823,0.94864,0.028812,0.009604,0.028812,0.009604,0.028812,0.009604,0.028812,0.009604
106,997.126,1.77698,1.31304,0.95798,0.32678,0.26298,0.23818,0.12738,1.66054,1.24392,0.94762,0.028515,0.009505,0.028515,0.009505,0.028515,0.009505,0.028515,0.009505
107,1139.88,1.75918,1.30566,0.95651,0.33401,0.27132,0.24763,0.13189,1.64657,1.23137,0.9452,0.028218,0.009406,0.028218,0.009406,0.028218,0.009406,0.028218,0.009406
108,1282.59,1.7461,1.29773,0.95512,0.36659,0.26076,0.24952,0.13353,1.63234,1.21245,0.93898,0.027921,0.009307,0.027921,0.009307,0.027921,0.009307,0.027921,0.009307
109,1424.82,1.72948,1.28044,0.95254,0.34343,0.2623,0.24712,0.13276,1.64126,1.22324,0.93944,0.027624,0.009208,0.027624,0.009208,0.027624,0.009208,0.027624,0.009208
110,1567.26,1.71527,1.26748,0.94972,0.35453,0.27463,0.2548,0.1368,1.63323,1.19819,0.94057,0.027327,0.009109,0.027327,0.009109,0.027327,0.009109,0.027327,0.009109
111,1790.44,1.71565,1.26155,0.94523,0.35836,0.27707,0.25549,0.13882,1.62162,1.20264,0.9377,0.02703,0.00901,0.02703,0.00901,0.02703,0.00901,0.02703,0.00901
112,1930.09,1.71461,1.26312,0.94715,0.35476,0.28157,0.26114,0.14207,1.61079,1.19331,0.93526,0.026733,0.008911,0.026733,0.008911,0.026733,0.008911,0.026733,0.008911
113,2071.69,1.70759,1.25515,0.94507,0.3502,0.28169,0.26327,0.14477,1.59377,1.1795,0.93323,0.026436,0.008812,0.026436,0.008812,0.026436,0.008812,0.026436,0.008812
114,2213.65,1.68633,1.243,0.94332,0.37444,0.27495,0.26207,0.14304,1.60672,1.17971,0.93434,0.026139,0.008713,0.026139,0.008713,0.026139,0.008713,0.026139,0.008713
115,2357.2,1.69633,1.24401,0.94025,0.37108,0.27988,0.26968,0.14791,1.58907,1.17322,0.92982,0.025842,0.008614,0.025842,0.008614,0.025842,0.008614,0.025842,0.008614
116,2499.19,1.67878,1.23138,0.94114,0.37702,0.28888,0.27478,0.15096,1.58448,1.16318,0.92859,0.025545,0.008515,0.025545,0.008515,0.025545,0.008515,0.025545,0.008515
117,2641.62,1.67971,1.23659,0.93918,0.3615,0.28303,0.2704,0.14799,1.59161,1.1752,0.93438,0.025248,0.008416,0.025248,0.008416,0.025248,0.008416,0.025248,0.008416
118,2784.31,1.67287,1.22436,0.93818,0.35642,0.29165,0.27368,0.15081,1.57564,1.16501,0.927,0.024951,0.008317,0.024951,0.008317,0.024951,0.008317,0.024951,0.008317
119,2926.49,1.66379,1.22033,0.93866,0.38369,0.28786,0.27423,0.15056,1.58221,1.16834,0.92698,0.024654,0.008218,0.024654,0.008218,0.024654,0.008218,0.024654,0.008218
120,3070.8,1.65942,1.2171,0.93622,0.3725,0.29693,0.27518,0.15202,1.5736,1.15576,0.92624,0.024357,0.008119,0.024357,0.008119,0.024357,0.008119,0.024357,0.008119
121,3215.64,1.66947,1.21807,0.93647,0.375,0.29487,0.28106,0.15498,1.57249,1.15198,0.92863,0.02406,0.00802,0.02406,0.00802,0.02406,0.00802,0.02406,0.00802
122,3361.58,1.65846,1.20269,0.93449,0.36498,0.29523,0.27833,0.15303,1.56994,1.14799,0.92644,0.023763,0.007921,0.023763,0.007921,0.023763,0.007921,0.023763,0.007921
123,3503.85,1.64538,1.20128,0.93563,0.37055,0.2959,0.27879,0.15226,1.56232,1.14253,0.92283,0.023466,0.007822,0.023466,0.007822,0.023466,0.007822,0.023466,0.007822
124,3646.45,1.64839,1.20108,0.93348,0.39009,0.29374,0.28666,0.1592,1.54956,1.14184,0.92096,0.023169,0.007723,0.023169,0.007723,0.023169,0.007723,0.023169,0.007723
125,3788.52,1.6332,1.18822,0.93333,0.37044,0.29504,0.28115,0.15501,1.55734,1.14791,0.923,0.022872,0.007624,0.022872,0.007624,0.022872,0.007624,0.022872,0.007624
126,3964.96,1.63993,1.19286,0.93173,0.38111,0.29463,0.28014,0.15539,1.55606,1.14465,0.92378,0.022575,0.007525,0.022575,0.007525,0.022575,0.007525,0.022575,0.007525
127,4107.44,1.64467,1.189,0.92875,0.37583,0.30339,0.28452,0.15808,1.54708,1.13522,0.91856,0.022278,0.007426,0.022278,0.007426,0.022278,0.007426,0.022278,0.007426
128,4249.98,1.63354,1.18379,0.92813,0.39959,0.29946,0.28654,0.15896,1.54106,1.13343,0.92015,0.021981,0.007327,0.021981,0.007327,0.021981,0.007327,0.021981,0.007327
129,4393.22,1.62405,1.17516,0.92823,0.39489,0.29123,0.28684,0.15845,1.54783,1.13321,0.92031,0.021684,0.007228,0.021684,0.007228,0.021684,0.007228,0.021684,0.007228
130,4536.67,1.63162,1.17771,0.92727,0.39293,0.30655,0.29165,0.16051,1.53508,1.11937,0.91823,0.021387,0.007129,0.021387,0.007129,0.021387,0.007129,0.021387,0.007129
131,4702.31,1.62362,1.17778,0.92862,0.38849,0.30595,0.28995,0.16034,1.53558,1.12252,0.91886,0.02109,0.00703,0.02109,0.00703,0.02109,0.00703,0.02109,0.00703
132,4848.47,1.63431,1.17559,0.92637,0.37774,0.30123,0.28813,0.16109,1.53516,1.12912,0.91709,0.020793,0.006931,0.020793,0.006931,0.020793,0.006931,0.020793,0.006931
133,4991.9,1.62162,1.16692,0.9269,0.40223,0.30439,0.29742,0.16457,1.52628,1.1155,0.91709,0.020496,0.006832,0.020496,0.006832,0.020496,0.006832,0.020496,0.006832
134,5141.05,1.63098,1.16727,0.92499,0.39891,0.30159,0.29504,0.16483,1.52542,1.11097,0.91624,0.020199,0.006733,0.020199,0.006733,0.020199,0.006733,0.020199,0.006733
135,5284.48,1.6189,1.16325,0.92495,0.40107,0.30589,0.29668,0.16653,1.52542,1.1093,0.91452,0.019902,0.006634,0.019902,0.006634,0.019902,0.006634,0.019902,0.006634
136,5428.12,1.60947,1.16005,0.92547,0.40154,0.30895,0.30034,0.1674,1.52433,1.10904,0.91421,0.019605,0.006535,0.019605,0.006535,0.019605,0.006535,0.019605,0.006535
137,5573.59,1.60335,1.1575,0.92493,0.39904,0.30746,0.29641,0.16546,1.51932,1.10147,0.91385,0.019308,0.006436,0.019308,0.006436,0.019308,0.006436,0.019308,0.006436
138,5717.61,1.60225,1.15125,0.92321,0.39892,0.30706,0.29784,0.16676,1.51865,1.10757,0.91499,0.019011,0.006337,0.019011,0.006337,0.019011,0.006337,0.019011,0.006337
139,5862.04,1.60464,1.14904,0.92234,0.40562,0.3088,0.30083,0.16825,1.51756,1.10149,0.91463,0.018714,0.006238,0.018714,0.006238,0.018714,0.006238,0.018714,0.006238
140,6006.92,1.60004,1.15041,0.92344,0.41402,0.30423,0.29913,0.16754,1.51096,1.10004,0.9126,0.018417,0.006139,0.018417,0.006139,0.018417,0.006139,0.018417,0.006139
141,6152.32,1.59609,1.14731,0.92266,0.4041,0.31353,0.30259,0.16868,1.50802,1.09322,0.91384,0.01812,0.00604,0.01812,0.00604,0.01812,0.00604,0.01812,0.00604
142,6296.83,1.59064,1.1402,0.92067,0.4019,0.30644,0.29979,0.17048,1.51006,1.09278,0.91135,0.017823,0.005941,0.017823,0.005941,0.017823,0.005941,0.017823,0.005941
143,6441.96,1.59614,1.14543,0.9212,0.41255,0.30664,0.30361,0.17188,1.50656,1.09599,0.91286,0.017526,0.005842,0.017526,0.005842,0.017526,0.005842,0.017526,0.005842
144,6586.55,1.59956,1.14527,0.9188,0.39932,0.30914,0.30377,0.17149,1.51022,1.09436,0.91281,0.017229,0.005743,0.017229,0.005743,0.017229,0.005743,0.017229,0.005743
145,6729.95,1.58902,1.13547,0.92008,0.39947,0.3139,0.30494,0.17175,1.5049,1.09217,0.91184,0.016932,0.005644,0.016932,0.005644,0.016932,0.005644,0.016932,0.005644
146,6877.46,1.57866,1.12733,0.91713,0.41858,0.31244,0.30853,0.17397,1.5001,1.08585,0.90988,0.016635,0.005545,0.016635,0.005545,0.016635,0.005545,0.016635,0.005545
147,7024.39,1.58363,1.12935,0.91688,0.40458,0.31247,0.30781,0.17289,1.50297,1.08797,0.91137,0.016338,0.005446,0.016338,0.005446,0.016338,0.005446,0.016338,0.005446
148,7169.19,1.58221,1.12914,0.91834,0.39636,0.31578,0.30678,0.17174,1.50373,1.08719,0.9107,0.016041,0.005347,0.016041,0.005347,0.016041,0.005347,0.016041,0.005347
149,7315.61,1.58817,1.12988,0.91715,0.41438,0.31625,0.31274,0.17554,1.50255,1.08508,0.91151,0.015744,0.005248,0.015744,0.005248,0.015744,0.005248,0.015744,0.005248
150,7461.18,1.56858,1.11689,0.91715,0.41083,0.3163,0.30877,0.17355,1.49961,1.08109,0.90921,0.015447,0.005149,0.015447,0.005149,0.015447,0.005149,0.015447,0.005149
151,8115.69,1.57205,1.12061,0.91735,0.41712,0.31609,0.31087,0.17594,1.49748,1.08231,0.91013,0.01515,0.00505,0.01515,0.00505,0.01515,0.00505,0.01515,0.00505
152,8257.98,1.57704,1.12387,0.91711,0.42298,0.31336,0.31172,0.17605,1.49341,1.08308,0.91032,0.014853,0.004951,0.014853,0.004951,0.014853,0.004951,0.014853,0.004951
153,8398.29,1.58119,1.1223,0.91611,0.40898,0.31713,0.3111,0.17529,1.49618,1.08227,0.90847,0.014556,0.004852,0.014556,0.004852,0.014556,0.004852,0.014556,0.004852
154,8539.04,1.56747,1.11124,0.91518,0.42322,0.31497,0.31402,0.17702,1.49291,1.0777,0.90923,0.014259,0.004753,0.014259,0.004753,0.014259,0.004753,0.014259,0.004753
155,8678.34,1.56679,1.11558,0.91532,0.41493,0.31558,0.30941,0.17427,1.49289,1.07931,0.9082,0.013962,0.004654,0.013962,0.004654,0.013962,0.004654,0.013962,0.004654
156,8818.8,1.56364,1.1075,0.9131,0.41414,0.32113,0.31299,0.17666,1.49013,1.07469,0.90859,0.013665,0.004555,0.013665,0.004555,0.013665,0.004555,0.013665,0.004555
157,9127.45,1.5702,1.10869,0.91344,0.41317,0.31617,0.31214,0.17736,1.49441,1.07948,0.90863,0.013368,0.004456,0.013368,0.004456,0.013368,0.004456,0.013368,0.004456
158,9267.84,1.56267,1.10613,0.91428,0.4078,0.32364,0.31548,0.17806,1.49162,1.07214,0.90802,0.013071,0.004357,0.013071,0.004357,0.013071,0.004357,0.013071,0.004357
159,9407.27,1.56119,1.10139,0.9122,0.41011,0.32269,0.31459,0.17778,1.4836,1.07145,0.90699,0.012774,0.004258,0.012774,0.004258,0.012774,0.004258,0.012774,0.004258
160,9550.85,1.55688,1.10054,0.91304,0.41515,0.32056,0.31484,0.17797,1.48407,1.07118,0.90637,0.012477,0.004159,0.012477,0.004159,0.012477,0.004159,0.012477,0.004159
161,9721.51,1.55161,1.09942,0.91134,0.41218,0.32878,0.3188,0.18042,1.47939,1.06724,0.90679,0.01218,0.00406,0.01218,0.00406,0.01218,0.00406,0.01218,0.00406
162,9859.84,1.55314,1.09725,0.91307,0.42359,0.31876,0.31533,0.17966,1.47692,1.06545,0.9061,0.011883,0.003961,0.011883,0.003961,0.011883,0.003961,0.011883,0.003961
163,10000.1,1.54736,1.09144,0.91173,0.4114,0.32669,0.31632,0.17911,1.47854,1.06675,0.90606,0.011586,0.003862,0.011586,0.003862,0.011586,0.003862,0.011586,0.003862
164,10141.8,1.55726,1.09528,0.91151,0.42661,0.3185,0.31701,0.17984,1.48172,1.0647,0.90604,0.011289,0.003763,0.011289,0.003763,0.011289,0.003763,0.011289,0.003763
165,10282.3,1.54974,1.09039,0.911,0.41848,0.32189,0.31814,0.17911,1.48265,1.06339,0.906,0.010992,0.003664,0.010992,0.003664,0.010992,0.003664,0.010992,0.003664
166,10426.3,1.54745,1.09026,0.91118,0.42709,0.3178,0.3178,0.18042,1.48261,1.06276,0.9055,0.010695,0.003565,0.010695,0.003565,0.010695,0.003565,0.010695,0.003565
167,10569.9,1.55339,1.09037,0.91031,0.41796,0.32185,0.31796,0.18061,1.47782,1.06396,0.90581,0.010398,0.003466,0.010398,0.003466,0.010398,0.003466,0.010398,0.003466
168,10712.1,1.54262,1.08443,0.90806,0.4303,0.32562,0.32133,0.18195,1.47385,1.05811,0.90426,0.010101,0.003367,0.010101,0.003367,0.010101,0.003367,0.010101,0.003367
169,10855.0,1.5397,1.0813,0.91023,0.42313,0.32283,0.31933,0.18098,1.47347,1.0611,0.90503,0.009804,0.003268,0.009804,0.003268,0.009804,0.003268,0.009804,0.003268
170,10997.4,1.53325,1.0749,0.90933,0.42449,0.323,0.32005,0.18164,1.47482,1.06042,0.90463,0.009507,0.003169,0.009507,0.003169,0.009507,0.003169,0.009507,0.003169
171,11139.7,1.53071,1.07048,0.9063,0.42878,0.32296,0.32036,0.18286,1.47262,1.05628,0.90407,0.00921,0.00307,0.00921,0.00307,0.00921,0.00307,0.00921,0.00307
172,11282.3,1.53768,1.07574,0.90842,0.42656,0.32694,0.32328,0.18368,1.47079,1.05497,0.90423,0.008913,0.002971,0.008913,0.002971,0.008913,0.002971,0.008913,0.002971
173,11425.3,1.52951,1.06955,0.90596,0.42292,0.32195,0.3214,0.18391,1.46858,1.05357,0.90241,0.008616,0.002872,0.008616,0.002872,0.008616,0.002872,0.008616,0.002872
174,11567.1,1.53277,1.07027,0.90621,0.41953,0.32476,0.32221,0.18306,1.47138,1.05761,0.90365,0.008319,0.002773,0.008319,0.002773,0.008319,0.002773,0.008319,0.002773
175,11711.0,1.52779,1.06926,0.90589,0.42469,0.32502,0.32246,0.18355,1.47125,1.05591,0.90371,0.008022,0.002674,0.008022,0.002674,0.008022,0.002674,0.008022,0.002674
176,11855.0,1.52869,1.06898,0.90665,0.41782,0.32794,0.32128,0.18301,1.47116,1.05773,0.90347,0.007725,0.002575,0.007725,0.002575,0.007725,0.002575,0.007725,0.002575
177,11997.4,1.53666,1.07302,0.90607,0.42081,0.32965,0.3225,0.1832,1.47327,1.05586,0.90366,0.007428,0.002476,0.007428,0.002476,0.007428,0.002476,0.007428,0.002476
178,12140.1,1.53496,1.06889,0.90454,0.43392,0.32465,0.32353,0.18425,1.4738,1.05401,0.90343,0.007131,0.002377,0.007131,0.002377,0.007131,0.002377,0.007131,0.002377
179,12284.3,1.51832,1.06021,0.90449,0.42853,0.32626,0.3247,0.18489,1.47221,1.05435,0.90348,0.006834,0.002278,0.006834,0.002278,0.006834,0.002278,0.006834,0.002278
180,12428.5,1.51841,1.05413,0.90577,0.42757,0.32541,0.32545,0.18486,1.47162,1.05503,0.90425,0.006537,0.002179,0.006537,0.002179,0.006537,0.002179,0.006537,0.002179
181,12572.6,1.51421,1.05521,0.90386,0.42503,0.32783,0.32396,0.18351,1.47038,1.05223,0.90337,0.00624,0.00208,0.00624,0.00208,0.00624,0.00208,0.00624,0.00208
182,12715.6,1.52076,1.05939,0.90441,0.42698,0.32483,0.32321,0.18382,1.47052,1.05226,0.90334,0.005943,0.001981,0.005943,0.001981,0.005943,0.001981,0.005943,0.001981
183,12858.2,1.52191,1.05812,0.90408,0.42366,0.32949,0.32354,0.18444,1.47124,1.05358,0.9031,0.005646,0.001882,0.005646,0.001882,0.005646,0.001882,0.005646,0.001882
184,13004.6,1.51566,1.05228,0.90412,0.42039,0.33054,0.32366,0.18487,1.47088,1.0537,0.90333,0.005349,0.001783,0.005349,0.001783,0.005349,0.001783,0.005349,0.001783
185,13151.9,1.50891,1.04957,0.9037,0.43084,0.32828,0.32299,0.1843,1.4712,1.05507,0.90255,0.005052,0.001684,0.005052,0.001684,0.005052,0.001684,0.005052,0.001684
186,13297.0,1.52152,1.05607,0.90162,0.43145,0.32815,0.3242,0.18482,1.46972,1.05277,0.90305,0.004755,0.001585,0.004755,0.001585,0.004755,0.001585,0.004755,0.001585
187,13439.8,1.50744,1.04137,0.90136,0.43126,0.3277,0.3242,0.18507,1.46932,1.05134,0.90273,0.004458,0.001486,0.004458,0.001486,0.004458,0.001486,0.004458,0.001486
188,155.392,1.51144,1.04427,0.90184,0.43477,0.32642,0.32495,0.18576,1.46829,1.052,0.90248,0.004161,0.001387,0.004161,0.001387,0.004161,0.001387,0.004161,0.001387
189,296.283,1.4995,1.03789,0.90162,0.42702,0.32866,0.32477,0.18601,1.46864,1.05138,0.90227,0.003864,0.001288,0.003864,0.001288,0.003864,0.001288,0.003864,0.001288
190,434.622,1.50087,1.03655,0.90166,0.42822,0.32634,0.32391,0.18578,1.46863,1.05221,0.90217,0.003567,0.001189,0.003567,0.001189,0.003567,0.001189,0.003567,0.001189
191,815.744,1.46129,1.01269,0.90431,0.4221,0.32875,0.32433,0.18519,1.47251,1.05391,0.90298,0.00327,0.00109,0.00327,0.00109,0.00327,0.00109,0.00327,0.00109
192,941.825,1.45357,1.00086,0.90238,0.42713,0.32396,0.32489,0.18509,1.47398,1.05168,0.90396,0.002973,0.000991,0.002973,0.000991,0.002973,0.000991,0.002973,0.000991
193,1066.62,1.44254,0.99194,0.90218,0.43112,0.32405,0.3239,0.18502,1.47509,1.05166,0.90371,0.002676,0.000892,0.002676,0.000892,0.002676,0.000892,0.002676,0.000892
194,1192.63,1.44471,0.99096,0.90096,0.42943,0.32442,0.32416,0.18521,1.47399,1.05278,0.90379,0.002379,0.000793,0.002379,0.000793,0.002379,0.000793,0.002379,0.000793
195,1326.41,1.43986,0.98905,0.90127,0.43212,0.32368,0.32399,0.18517,1.47168,1.05255,0.90365,0.002082,0.000694,0.002082,0.000694,0.002082,0.000694,0.002082,0.000694
196,1451.0,1.4348,0.98292,0.90078,0.4338,0.32357,0.32406,0.18467,1.47359,1.05249,0.904,0.001785,0.000595,0.001785,0.000595,0.001785,0.000595,0.001785,0.000595
197,1575.29,1.43507,0.98312,0.90035,0.4323,0.32375,0.32464,0.18497,1.47357,1.05315,0.90388,0.001488,0.000496,0.001488,0.000496,0.001488,0.000496,0.001488,0.000496
198,1700.25,1.44088,0.98433,0.90001,0.43361,0.32312,0.32444,0.185,1.47134,1.05337,0.90317,0.001191,0.000397,0.001191,0.000397,0.001191,0.000397,0.001191,0.000397
199,1823.9,1.43387,0.97632,0.89889,0.43772,0.32253,0.32395,0.18506,1.47206,1.05377,0.90297,0.000894,0.000298,0.000894,0.000298,0.000894,0.000298,0.000894,0.000298
200,1948.43,1.42813,0.97312,0.89847,0.44256,0.32339,0.32445,0.18543,1.47233,1.05335,0.90311,0.000597,0.000199,0.000597,0.000199,0.000597,0.000199,0.000597,0.000199
201,163.122,1.49365,1.02883,0.89839,0.43077,0.31698,0.31891,0.18123,1.49415,1.07397,0.90858,0.000237706,0.000237706,0.000237706,,,,,
202,305.809,1.51139,1.05715,0.90459,0.42377,0.32235,0.31306,0.17503,1.50666,1.0809,0.909,0.000466287,0.000466287,0.000466287,,,,,
203,563.747,1.5311,1.0776,0.90862,0.41323,0.32041,0.31296,0.17728,1.49844,1.09465,0.90824,0.000685443,0.000685443,0.000685443,,,,,
204,701.057,1.53224,1.08135,0.90912,0.40773,0.31982,0.31067,0.17516,1.50416,1.09475,0.90897,0.000671588,0.000671588,0.000671588,,,,,
205,975.939,1.53438,1.0829,0.90799,0.42615,0.31642,0.3159,0.1767,1.50209,1.08829,0.90863,0.000657451,0.000657451,0.000657451,,,,,
206,1114.85,1.54823,1.08655,0.90836,0.41421,0.31783,0.3063,0.17293,1.4998,1.08951,0.90817,0.000643314,0.000643314,0.000643314,,,,,
207,1255.82,1.53912,1.08589,0.90894,0.40837,0.32323,0.31213,0.174,1.49942,1.09062,0.90819,0.000629177,0.000629177,0.000629177,,,,,
208,1393.95,1.53766,1.08462,0.90875,0.42058,0.32447,0.31754,0.17947,1.49162,1.0743,0.90755,0.00061504,0.00061504,0.00061504,,,,,
209,1526.28,1.52853,1.07731,0.9082,0.42027,0.31906,0.31735,0.17723,1.49259,1.08339,0.90736,0.000600902,0.000600902,0.000600902,,,,,
210,1660.59,1.52512,1.07307,0.90738,0.41154,0.32412,0.31342,0.176,1.49388,1.07656,0.90832,0.000586765,0.000586765,0.000586765,,,,,
211,1908.35,1.52867,1.06915,0.9044,0.42353,0.31911,0.31675,0.17986,1.48692,1.0685,0.90477,0.000572628,0.000572628,0.000572628,,,,,
212,2041.28,1.53461,1.07458,0.90722,0.42151,0.32112,0.31647,0.1784,1.49862,1.07579,0.90895,0.000558491,0.000558491,0.000558491,,,,,
213,2175.64,1.53303,1.07363,0.9066,0.4329,0.31334,0.31172,0.17819,1.48701,1.07619,0.90581,0.000544354,0.000544354,0.000544354,,,,,
214,2310.37,1.51729,1.06448,0.90581,0.42024,0.33116,0.32101,0.18165,1.48109,1.06612,0.9043,0.000530216,0.000530216,0.000530216,,,,,
215,2447.52,1.53346,1.07001,0.90363,0.40994,0.33303,0.3199,0.181,1.49119,1.07121,0.90623,0.000516079,0.000516079,0.000516079,,,,,
216,2581.61,1.51857,1.0619,0.9052,0.41229,0.32513,0.31986,0.18025,1.48044,1.06923,0.90726,0.000501942,0.000501942,0.000501942,,,,,
217,2716.66,1.52435,1.06735,0.90441,0.42285,0.32236,0.31873,0.17997,1.48676,1.06973,0.90552,0.000487805,0.000487805,0.000487805,,,,,
218,2850.72,1.51727,1.05647,0.90383,0.41104,0.32061,0.31264,0.17916,1.48858,1.06878,0.90551,0.000473668,0.000473668,0.000473668,,,,,
219,2984.05,1.51576,1.05883,0.90527,0.42705,0.3292,0.3201,0.18113,1.48392,1.06852,0.90455,0.00045953,0.00045953,0.00045953,,,,,
220,3118.66,1.51296,1.05597,0.90362,0.43516,0.32347,0.32191,0.18127,1.4869,1.06625,0.90701,0.000445393,0.000445393,0.000445393,,,,,
221,3253.8,1.52433,1.05998,0.90423,0.428,0.3213,0.31803,0.18034,1.48338,1.06715,0.90644,0.000431256,0.000431256,0.000431256,,,,,
222,3387.72,1.51649,1.04897,0.90292,0.42108,0.32824,0.32247,0.18262,1.48192,1.0641,0.90562,0.000417119,0.000417119,0.000417119,,,,,
223,3522.26,1.50595,1.04747,0.90396,0.41678,0.33201,0.32038,0.18127,1.47408,1.06398,0.905,0.000402982,0.000402982,0.000402982,,,,,
224,3654.62,1.51326,1.04835,0.90281,0.42959,0.3271,0.32417,0.18463,1.47296,1.06235,0.90494,0.000388844,0.000388844,0.000388844,,,,,
225,3789.07,1.50023,1.03881,0.90323,0.42315,0.32723,0.32459,0.18427,1.4743,1.05813,0.90452,0.000374707,0.000374707,0.000374707,,,,,
226,3949.72,1.50833,1.0469,0.90181,0.43415,0.32551,0.32313,0.1827,1.47993,1.06023,0.90517,0.00036057,0.00036057,0.00036057,,,,,
227,4089.17,1.5166,1.04357,0.90043,0.4277,0.33046,0.32653,0.18526,1.47359,1.05718,0.90319,0.000346433,0.000346433,0.000346433,,,,,
228,4224.27,1.50765,1.04203,0.90011,0.43134,0.33232,0.3239,0.18276,1.47237,1.05967,0.90452,0.000332296,0.000332296,0.000332296,,,,,
229,4360.01,1.49967,1.03439,0.90029,0.42,0.32642,0.32382,0.1838,1.47463,1.05565,0.9033,0.000318158,0.000318158,0.000318158,,,,,
230,4492.04,1.5076,1.03953,0.89983,0.43183,0.334,0.32939,0.18598,1.47322,1.0545,0.90391,0.000304021,0.000304021,0.000304021,,,,,
231,4626.63,1.50406,1.03986,0.90109,0.42063,0.32859,0.32339,0.18351,1.47114,1.05548,0.90288,0.000289884,0.000289884,0.000289884,,,,,
232,4755.74,1.51129,1.03883,0.89901,0.42287,0.32721,0.32245,0.18241,1.47104,1.05536,0.90222,0.000275747,0.000275747,0.000275747,,,,,
233,4880.81,1.50531,1.0335,0.90056,0.4349,0.3271,0.32428,0.18329,1.47238,1.0527,0.90236,0.00026161,0.00026161,0.00026161,,,,,
234,5011.17,1.51364,1.03443,0.89894,0.44609,0.32119,0.32355,0.18504,1.46791,1.05465,0.90236,0.000247472,0.000247472,0.000247472,,,,,
235,5136.2,1.5035,1.03242,0.89917,0.4378,0.33054,0.32625,0.18506,1.47244,1.04746,0.90216,0.000233335,0.000233335,0.000233335,,,,,
236,5260.75,1.49507,1.02902,0.89998,0.43634,0.3269,0.32478,0.18472,1.47166,1.0513,0.90282,0.000219198,0.000219198,0.000219198,,,,,
237,5389.05,1.49074,1.02605,0.89961,0.42765,0.33146,0.32511,0.18524,1.46864,1.0496,0.90181,0.000205061,0.000205061,0.000205061,,,,,
238,5513.78,1.49016,1.02138,0.89834,0.43768,0.33062,0.3277,0.186,1.47057,1.05089,0.90339,0.000190924,0.000190924,0.000190924,,,,,
239,5638.8,1.49267,1.024,0.89724,0.43988,0.33271,0.32864,0.18664,1.46805,1.04945,0.90187,0.000176786,0.000176786,0.000176786,,,,,
240,5763.4,1.48868,1.02105,0.89851,0.43375,0.33285,0.32951,0.1875,1.46732,1.04644,0.90189,0.000162649,0.000162649,0.000162649,,,,,
241,5910.09,1.44639,0.98919,0.89977,0.4283,0.33459,0.32699,0.18534,1.47688,1.05098,0.90411,0.000148512,0.000148512,0.000148512,,,,,
242,6354.29,1.43497,0.97756,0.89792,0.42869,0.33027,0.32474,0.18342,1.48113,1.05515,0.90422,0.000134375,0.000134375,0.000134375,,,,,
243,6471.68,1.43364,0.97804,0.89865,0.42912,0.32969,0.32425,0.18402,1.4744,1.05075,0.90239,0.000120238,0.000120238,0.000120238,,,,,
244,6588.2,1.43218,0.97716,0.89885,0.42718,0.32284,0.32352,0.18473,1.47256,1.05614,0.90257,0.0001061,0.0001061,0.0001061,,,,,
245,6706.45,1.43048,0.97167,0.89812,0.42684,0.33091,0.32669,0.18607,1.46759,1.04723,0.9013,9.19632e-05,9.19632e-05,9.19632e-05,,,,,
246,6825.06,1.42744,0.96636,0.89675,0.42771,0.32851,0.32435,0.18464,1.47397,1.05234,0.90264,7.7826e-05,7.7826e-05,7.7826e-05,,,,,
247,6942.07,1.43135,0.97019,0.89473,0.42026,0.33261,0.32554,0.18539,1.46954,1.0455,0.90184,6.36888e-05,6.36888e-05,6.36888e-05,,,,,
248,7060.25,1.42419,0.96165,0.89546,0.42803,0.32762,0.3251,0.18583,1.46924,1.04754,0.90186,4.95516e-05,4.95516e-05,4.95516e-05,,,,,
249,7178.32,1.43105,0.96565,0.89546,0.43248,0.32718,0.32608,0.18598,1.46975,1.04765,0.90182,3.54144e-05,3.54144e-05,3.54144e-05,,,,,
250,7295.74,1.42507,0.96236,0.89603,0.42698,0.33231,0.32616,0.18593,1.47075,1.04931,0.90162,2.12772e-05,2.12772e-05,2.12772e-05,,,,,
